region,total_txn_amount,average_closing_balance
EAST,48862322.09999861,33501.278331065914
NORTH,57169927.79999973,33408.98636946684
SOUTH,58270017.600000724,34770.183777777595
WEST,61101818.99999839,41652.88881142406
