region,total_txn_amount,average_closing_balance
EAST,69858912.59999935,46542.93409741273
NORTH,55124010.89999743,39471.83879717841
SOUTH,79518699.90000114,36609.46835061767
WEST,61865248.500002906,39489.10828153726
