region,total_txn_amount,average_closing_balance
EAST,5452641365.400211,36115.218003181115
NORTH,5964337638.899083,35354.22051992113
SOUTH,5805171301.498753,35588.39577510718
WEST,5253762237.299744,35763.769978955235
