region,total_txn_amount,average_closing_balance
EAST,458073760.4999853,36145.216546050426
NORTH,669800248.2001134,36530.04750123174
SOUTH,586030058.1000593,37240.03668390132
WEST,540792431.9999744,34900.6438106388
