region,total_txn_amount,average_closing_balance
EAST,29811249.360000037,37509.82133148392
NORTH,30291195.740000416,36155.95429255301
SOUTH,33662185.24000029,37469.88097218197
WEST,33139685.06999913,33402.016698772815
