txn_type,total_txn_amount
FEE,620774.1299999998
PURCHASE,644126.3700000005
REFUND,726816.02
TRANSFER,512773.33
