txn_type,total_txn_amount
FEE,680641.3500000003
PURCHASE,894141.9600000002
REFUND,764901.3500000002
TRANSFER,619947.25
