txn_type,total_txn_amount
FEE,62458348.90000025
PURCHASE,61791700.420000106
REFUND,62972750.98999985
TRANSFER,62509561.2800001
