txn_type,total_txn_amount
FEE,6012984.7299999995
PURCHASE,6227518.999999996
REFUND,6466667.58
TRANSFER,6345012.009999995
