txn_type,total_txn_amount
FEE,508298.8899999999
PURCHASE,523262.0099999999
REFUND,474737.3299999999
TRANSFER,546417.3400000001
