region,total_account_count,total_flagged_txn_count,average_closing_balance
EAST,20,8,34058.13174444444
NORTH,26,7,33945.3940897436
SOUTH,27,5,34241.2450740741
WEST,27,6,38537.421028806515
