region,total_account_count,total_flagged_txn_count,average_closing_balance
EAST,24,7,44109.803319444545
NORTH,22,4,37831.783919191956
SOUTH,28,13,36414.23220238088
WEST,26,10,39662.37978632476
