region,total_account_count,total_flagged_txn_count,average_closing_balance
EAST,481,619,36232.44080873197
NORTH,530,666,35164.29689790348
SOUTH,513,643,35459.10941910328
WEST,476,546,35567.10488935563
