region,total_account_count,total_flagged_txn_count,average_closing_balance
EAST,107,48,36347.568222222275
NORTH,145,66,35983.01864291195
SOUTH,125,73,36781.19947111124
WEST,123,55,35740.210537488536
