region,total_account_count,total_flagged_txn_count,average_closing_balance
EAST,20,4,38062.52126153839
NORTH,26,6,38423.31964348332
SOUTH,27,6,35604.1208385985
WEST,27,6,36133.378181286615
